plantid,plantname,free_co2s
BWpf-450-80920445-00000000,HKW Aalen,
SD661-59,Turbine 4,
BWpf-450-1741292-00000000,Heizkraftwerk  Altbach/Deizisau HKW 1,17065
MV60004935,Kesselhaus,
RP5000221,Dampfturbine 7,
NW900-0001413,BVI-NT,
BYS00860,GuD-Anlage (Gasturbine),
BYS00995,Prüfstand 15,
SD661-29,BHKW GT-Ost,
SD661-37,"HKW, Dampfturbine 2",
SD661-111,Gasmotor Bad Salzungen,
SD661-112,Gasturbine Bad Salzungen,
SD661-99,Stromerzeugung Barby,
HE50000213,VW Baunatal Dampfturbine,
NW300-0181417,KWK-Anlage: Generator 1,
SD664-07,Fab Fortuna,
NW300-0326774,Niederaußem G,26041
NW900-0205103,Bergkamen A,474
SD661-38,Turboeinheit 1 Dampfturbine 60 t Gen 10 MW,
BE173097,GuD Lichterfelde Dampfturbine,10272
BE172656,GuD Marzahn Dampfturbine,22820
BE222276,HKW Charlottenburg Gasturbine 4,9215
BE169709,HKW Klingenberg Dampfturbine 1,82983
BE172654,HKW Mitte Dampfturbine,79075
BE173145,HKW Moabit Dampfturbine,22540
BE166928,HKW Reuter West Dampfturbine D,63958
BE172368,KWK Adlershof Modul 1,
BE181711,BHKW 10,
ST101071,Gasturbine 01 Industriekraftwerk,
SL0100999-G,Bexbach,
SD662-98,bnBm GasKW BIB GT1,
SD661-77,Dampfturbine - GuD MPE,
NW700-9073508,Gasturbine 2 - GuD MPE,
NW700-0020290,HKW Schildescher Str GT,
ST100850,Bitterfeld BHKW,
SD661-103,Wolfen GT,
SD661-78,KWK Hiltrop,
NW300-0838652,"Heizkraftwerk Bonn-Nord, Dampfturbine GuD-Anlage",
SN70015796,Boxberg Block N,6085
SD661-39,HKW BRB,
BB16018798,Kirchmöser DT,
NI01010157480,HKW Mitte GuD BMHKW,
NI01010959490,HKW Nord GT,
DE.EEA43267,BHKW Braunschweig,
SD661-115,GT1,
HB06-04-11_2000122_0_0,GUD Mibü,
SD661-43,Gasturbine Kraftwerk,
NW900-0235121,GT6,
SH10000140,GT1,
BYS00114,Gasturbinenanlage 12,
BYS00108,Dampfgeneratorturbine 1,
BYS00104,BNA0174,
NW500-9981505,Gasturbinenanlage Castrop-Rauxel,
SN60015149,"Motor-Heizkraftwerk Chemnitz-Nord, Motor 1",
SD662-28,Sermuth BHKW 1,
BB45025575,BHKW-Anlage,
HE20000115,GT11,
NW500-0915123,Datteln 4,631
ST100609,HKW Dessau,
BYS00471,KWK 1 Gebäude 192.0,
NW300-9002708,Dormagen DT,
NI04247180070,Nordland GuD-Anlage Gasturbine,
SD661-94,DT,
SN70015917,Gasmotoren-Heizkraftwerk Dresden-Reick - Aggregat I,
SD661-93,HKW Dresden-Nord,
NW100-0229264,HKW III  Block A,
DE.EEA255206,Mitte BHKW 2 Modul 1,
NW100-0365906,Walsum 10,16300
NW100-0888309,HKW Venator Germany,
NW100-0036701,BHKW BASF F17,
SD661-67,F03G1,
NW100-0154540,W065-Gebäude 120 / BHKW Modul 01,
NW100-0167182,SWD KWF GTKW,
BWpf-450-4666496-00000000,Turbinengenerator3-SiemensT1915,
DE.EEA46679,Dampfturbine Model Sachsen Papier,
SD661-108,HKW Wiesengrund,
SD661-06,Huntorf GT,
BYS00904,HKW Eltmann,
NI04224004080,Gaskraftwerk Emden - Gasturbine,
TH30013152,DT,
BYS00708,HKW -  K6 DT2,
BYS00925,Sammelschienen-Kraftwerk Gas- und Dampfturbinen,
NW300-0877384,Weisweiler F,12223
BYS01153,Turbosatz 3,
NW300-0072412,Euskirchen Generator 2,
SH50082038,Dampfturbine 12,
HE30000163,IPH Strom GT4,
HE30000030,HKW Niederrad Block 1,
HE30000036,HKW West Block 2,
SD661-42,HKW West Turbine 5,
BB23022811,HKW DT,
NW800-0197054,Fab Frechen,
DE.EEA46617,BHKW1 Chemnitzer Straße 40,
BWpf-450-9840001-00000000,Dampfturbine9,
BWpf-450-3610519-00000000,BHKW 1,
HE50001960,G20,
SD662-22,Kraftwerk Fulda Aggregat 1,
NW500-0342658,Scholven 1 DT,48161
SD661-107,70001313.01,
SD661-106,70001314.01,
NI05050072350,Gasturbine HKW,
MV60004960,BHKW Boddenluft,
BWpf-450-34064722-00000000,Dampfturbine DT4,
NW100-0248923,Neurath F,3001
SD661-54,KWK Anlage Großenkneten,
SD662-09,Großkayna GT1,
HE30001045,Staudinger 4,
SD669-01,Ingolstadt 3,
NW700-9073419,DT,
NW900-0080266,Heizkraftwerk Hagen Kabel H4,
ST100419,Heizkraftwerk Dieselstraße Block A,
HH12273,Dampfturbine,
HH12275,BHKW 1 Hamburg,
06-02-B10117A007,GuD Tiefstack,60144
NW900-9140178,Trianel Gaskraftwerk Hamm Block 10,
NI06060316030,GKH 1,
NI06060116320,HKW Linden DT,
SD661-17,KWKK Heidelberg,
SD661-12,HDH_004_Industrieheizkraftwerk-Heidenheim_GM1,
BWpf-450-1020129-00000000,Heizkraftwerk Heilbronn FHT 1,
BB16012651,BHKW,
SH10039818,Kraftwerk Raffinerie Heide GmbH,
NW900-0125939,Cuno Heizkraftwerk Herdecke BHKW1,
HE50002126,Kraftwerk WI DT 2.1,
NW900-0327252,GuD Herne,
NI05231382180,Dampfturbine 3,
NI01244641360,Generator 1,
ST100876,IKW Wählitz,
NI06277201660,DT 2 (KKK),
NW300-9046030,Knapsack I - Dampfturbine - DT 10,
DE.EEA44484,Fab Berrenrath,
DE.EEA255737,GoWerk F,
BYS00056,IN_N19_KWKK_GT1,
SD661-113,Dampfturbine 1 Jena,
TH72012874,Gasmotor 1 Jena,
NW300-0907015,BHKW Jülich,
RP5000031,HKW Karcherstraße,
NW100-9020309,Appeldorn Generator 1,
BWpf-450-2797933-00000000,Rheinhafen- Dampfkraftwerk  RDK 4S DT,
BWpf-450-2719371-00000000,Expander,
SD661-19,SW Karlsruhe Heizkraftwerk West Generator 3,
HE50000118,Fernwärmekraftwerk Kassel,
BYS00334,Turbine 2,
SD661-80,0050 - STW - BHKW - KWK,
NW100-0046639,0065 - STW - BHKW - KWK,
SD661-105,HKWH Gasturbine 5,
SD661-64,Kraftwerk Kirchlengern_GT1,
NW300-0923949,Block 4 Merkenich RheinEnergie,
NW300-0370387,DT Niehl 2 RheinEnergie,
NW300-0213768,"Shell Energy and Chemicals Park, Kraftwerk Godorf",
ST100674,Könnern BHKW,
BYS00135,Kraftwerk GRI,
NW100-0018507,BHKW Kre,
NW100-9021016,UER L57 M1,
SD661-75,KWK006-1,
NI02221253020,GuD Anlage DREWSEN Spezialpapiere (Dampfturbine),
NW700-0008683,Lage Generator 1,
DE.EEA43436,Gaskraftwerk Landesbergen - Gasturbine,
BYS00291,BMW Landshut KWK 1,
SD662-99,bnBm Gaskraftwerk Leipheim,
SN80011266,Leipzig KWK 1,
SN80011256,Heizkraftwerk Leipzig Nord DT8B,
SD661-82,HKW-West Gasturbine 1,
ST100032,DT3,
SD662-10,Raffineriekraftwerk Leuna HDT,
NW300-9046797,LEV KWG G02,
NI10257401440,GT1,
NI10257673950,Emsland B DT,43608
MV90031941,Industriekraftwerk Greifswald GmbH,
RP5000671,GuD Mitte DT10,
NW900-9141660,Trianel Kohlekraftwerk Lünen,1662
RP4000021,BHKW KW5 51,
BWpf-450-2951606-00000000,DTS 2,
BWpf-450-2948214-00000000,GKM Block 6,92027
SD662-03,Kraftwerk Marbach MAR 3 GT (solo),
DE.EEA44322,"Kraftwerk III, GT311",
NW500-0875785,"Kraftwerk VI, Block 61, DT610",
RP1000136,Dampfturbine 2,
NW100-0387357,TG7,
SD661-98,Gasmotoren-Blockheizkraftwerk II (Generator 1),
SN70015959,Gasmotoren-Blockheizkraftwerk I (Generator 1),
BYS00064,Werk 1.1 KWK 1,
BYS00045,SWM HKW Freimann GT11,
BYS00044,SWM HKW Sued GuD1 GT2,
BYS00149,BHKW 1 - AGG1,
SD661-83,Dampfturbine,
MV50000071,DT,
HE50002124,Fabrik NE GT Tr,
SN80011277,Kraftwerk Lippendorf Block S,43457
SH50080603,T2,
SD661-66,MM Neuss GmbH DT,
NW100-0042820,MM Neuss GmbH GT2,
BYS00323,Cogenerationanlage,
NI09261732970,KRONOS TITAN Nordenham GuD,
NI07244473830,Generator 1,
BYS00719,HKW Sandreuth (DT1),
BYS00727,Franken DT1,
SD661-65,Heizkraftwerk I,
NW100-0990908,T/G 15,
RP5000152,Dampfturbine I Südzucker Offstein,
HE30000963,Heizkraftwerk-Offenbach-EVO,
SD662-11,Itzehoe GT,
NI10285139970,Felix Schoeller GmbH & Co.KG Osnabrück,
NI10100029340,Generator 4,
SD662-12,Audorf GT,
SD662-18,DKW Leinau Diesel 1,
BWpf-450-3042693-00000000,E-BHKW,
HE50002119,Kraftwerk HA DT1,
BYS00311,Kraftwerk Plattling GT,
SL0101003-G,Weiher 3,
BYS00233,HBB Heizkraftwerk Bauernfeind Betreibergesellschaft mbH (Stromerzeugung),
BYS00505,Regensburg KWK 1,
BYS00235,Heizkraftwerk Meggle,
SD661-14,BHKW Hauffstraße,
NW700-0104479,BHKW-G,
NW100-0989137,Solvay Rb TA1,
SD661-18,Rheinfelden Dampfturbine,
BYS00035,GM1,
SD661-28,GM5,
MV30000226,Kraftwerk Rostock Block A,14468
MV30000298,GuD-Block 1,
TH86012942,HKW Schwarza GT 6,
HE20000004,GuD-Heizkraftwerk M120,
SL0105352-G,Dampfturbinenanlage DT3,
SD661-91,ZF-SBR-GuD-Heizkraftwerk,
SD661-89,BHKW Ford Saarlouis Modul 1,
NI10101531850,HuR-IKW-G4,
NI01211092310,SSD1,
SD661-100,GuD Steinitz - HKW 1,
ST100125,Schkopau A,15250
NI01227041760,Generator 3,
BYS00282,UPM Schongau DKW T4,
BB45026224,DT1,
BB23020389,Dampfturbine GWK Kuhheide 34,
BB23020490,1MKA,
BYS00869,Turbine 1,
SD661-44,SN-Lankow-GUD_1994,
MV40000004,SN-Süd-GUD-DT,
ST100864,Grubenheizkraftwerk Amsdorf,
BWpf-450-1574906-00000000,W050-TS_Mercedes-Benz Werk Sindelfingen HKW Gasturbine 1,
BB45025611,Kraftwerk Schwarze Pumpe Block A,207831
SD661-90,Gasturbine 1,
NI03267770260,KWK GT1,
NI03030273580,01 Std GT1,
ST101086,CED_GuD_Staßfurt,
SD661-101,Heizkraftwerk Stendal,
BWpf-450-1371304-00000000,Heizkraftwerk Stuttgart-Gaisburg HKW 3 Motor 1,
BWpf-450-1195689-00000000,Heizkraftwerk Stuttgart-Münster DT 12,
SD661-16,"HKW Pfaffenwald, Generator 41",
BB45025564,Kraftwerk Jänschwalde Block A,11960
SN80011250,GuD Anlage DT,
SD661-15,BHKW Obere Viehweide M1 (Waldhäuser Str 100),
NI08271405180,BHKW,
BWpf-450-1383701-00000000,BHKW1,
TH62013494,Kraftwerk UB DT1,
BYS00041,SWM HKW Nord 2 T20,
NI09281337040,PKV Dampfsammelschienen-KWK-Anlage Generator / Turbine DT 11,
BYS00048,Irsching 5 DT,
SL0101000-G,Gasmotor 1 Mod.,
SN70015792,7710MKA10-DT,
BWpf-450-2142201-00000000,Kraftwerk Walheim Block 2,
NI02020049510,HK_001_Industrieheizkraftwerk-Walsrode_BHKW-GM1,
SD662-17,Spitzenlastkraftwerk Veits Dieseltandem 1,
ST100344,Dampfturbine,
SH50083712,HKW Wedel Block 1,
SD661-96,Felix Schoeller GmbH & Co.KG Weißenborn DT,
NW900-0045033,Kraftwerk Werdohl Elverlingsen E2,
NW900-0865327,Gersteinwerk F DT (F2),
NW300-0215520,Gasturbine Basell Wesseling,
NW300-0215443,"Shell Energy and Chemicals Park, Kraftwerk Wesseling, Turbine 1",
HE80000333,Generator 1 Erdgas,
NI09000237910,Kraftwerk Wilhelmshaven Onyx,
HE50002167,ABR990388771138,
NI01241117210,DT30 GuD Süd Wolfsburg,
RP4000041,GT1,
RP4000050,Generator 2,
SD661-85,129870 Modul 1,
RP5000656,HKW Wörth,
NI31000005008,Kraftwerk SI DT3,
NW100-0030712,BHKW15,
BYS00845,Heizkraftwerk an der Friedensbrücke DampfturbineII,
ST102622,Dampfturbine IV CropEnergies Zeitz,
ST100498,Dampfturbine III Südzucker Zeitz,
SD661-102,Dampfturbine V Südzucker Zeitz,
ST18046,Kraftwerk ZI DT 2,
BYS00009,Kraftwerk Zolling,
BB45026985,Gasturbinenkraftwerk Thyrow GT A,
NW300-0079450,DT06,
SD661-97,BHKW-G66-KWK-groß,
SN60018636,BHKW-G66-KWK-klein,
NW100-0081105,Frimmersdorf,
NW900-0079017,Westfalen,194
DE.EEA2514,Papierfabrik Albbruck,
SD661-63,Heizkraftwerk Süd,
DE.EEA44408,Kraftwerk Veltheim,
SD661-92,GuD Anlage Spreetal,
DE.EEA46983,Mumsdorf,
NW900-0271161,Shamrock,
SD661-13,,
SD661-11,,
DE.EEA44708,Knepper,
SD662-20,Spitzenkraftwerk,
SD661-09,Gasturbinenkraftwerk Bielefeld Ummeln,
SD666-15,Grafenrheinfeld,
SD661-84,Kraftwerk Veltheim,
SD661-36,PWG,
SD662-01,Brunsbüttel,
06-05-100-0853075,KW West,
06-05-100-0431554,KW Voerde,
SD666-11,Kernkraft Gundremmingen ,
BE132279,Wilmersdorf,
NW900-0021170,Bochum,
NW100-0031758,HKW I,
SL0075248-G,Kraftwerk Ensdorf,
NW300-0054298,HKW Südstadt,
NW900-0884101,KW Lünen,
NI07244141350,Werkskraftwerk Sappi Alfeld,
SD661-109,HKW Iderhoffstraße,
HH4383,EEV,
BE166927,Reuter,10623
DE.EEA46609,HKW Chemnitz  Nord II,35569
16-30-31400103005,Heizkraftwerk Gera-Nord,
SH50080412,Gemeinschaftskraftwerk Kiel,
06-05-100-0030723,HKW Elberfeld ,
SD666-12,Kernkraftwerk Philippsburg 2,
NI01012110180,Buschhaus,
BWpf-450-1479296-00000000,Bestandsanlage_HKW_Aalen,
HH11643,Moorburg Block A,
NW500-0338944,Ibbenbüren B,474
SD664-02,IKW Deuben,
NI09281566110,Wilhelmshaven 1 DT,
SD666-14,Brokdorf,
NW300-0890760,Kessel 4,
SD666-13,Grohnde,
SD661-81,KWK-0001,
BYS00758,BHKW Nürnberg GT1,
NW900-0888950,Dortmund DT,
SD661-53,KWK-Anlage Gasturbine 1,
SD661-110,GT21,
BYS00998,UPM Augsburg Gaskraftwerk,
SD662-14,GT 1,
SD666-16,Isar 2,
SD661-95,Gasturbine,
SD666-17,Emsland A,43608
SD662-06,Kraftwerk Marbach GT 2,
SD666-18,GKN II,
BYS00894,ST_HKW_T4,
SD661-87,BKR Gasturbine,
NI01010098080,KWM Block 3,
BWpf-450-4124448-00000000,HKW Oberkirch,
NW700-0105516,Heyden 4,
