InspireID_Betrieb,PRTR_Kennnummer,sseid
06-02-B10117A007,06-02-B10117A007,SEE987197130805
06-02-B10117A007,06-02-B10117A007,SEE913896693631
06-05-100-0030723,06-05-100-0030723,BNA1084
06-05-100-0431554,06-05-100-0431554,BNA0992
06-05-100-0431554,06-05-100-0431554,BNA0991
06-05-100-0853075,06-05-100-0853075,BNA0989
06-05-100-0853075,06-05-100-0853075,BNA0990
16-30-31400103005,16-30-31400103005,BNA0343
BB16012651,12-10682800005,SEE936112096313
BB16018798,12-60510410000,SEE905035807238
BB16018798,12-60510410000,SEE902267138956
BB16018798,12-60510410000,SEE963827374382
BB23020389,12-20730660000,SEE975248607116
BB23020490,12-20730670000,SEE943750140889
BB23020490,12-20730670000,SEE995943794058
BB23020490,12-20730670000,SEE954086855965
BB23020490,12-20730670000,SEE960529046555
BB23020490,12-20730670000,SEE906257837416
BB23022811,12-30532000000,SEE994335340088
BB23022811,12-30532000000,SEE946069613440
BB23022811,12-30532000000,SEE900549498521
BB23022811,12-30532000000,SEE939848582457
BB23022811,12-30532000000,SEE937997291855
BB23022811,12-30532000000,SEE969511682320
BB45025564,12-40710010000,SEE991817093418
BB45025564,12-40710010000,SEE964729462818
BB45025564,12-40710010000,SEE938669585906
BB45025564,12-40710010000,SEE989591633753
BB45025564,12-40710010000,SEE923943268279
BB45025564,12-40710010000,SEE985047526785
BB45025575,12-40520430000,SEE978888539755
BB45025575,12-40520430000,SEE911129038174
BB45025575,12-40520430000,SEE941974735591
BB45025575,12-40520430000,SEE946537967655
BB45025611,12-40716440000,SEE952672318108
BB45025611,12-40716440000,SEE938337436349
BB45026224,12-40669070000,SEE904165703137
BB45026224,12-40669070000,SEE971164680486
BB45026224,12-40669070000,SEE961788817153
BB45026224,12-40669070000,SEE918705951896
BB45026985,12-50724070000,SEE989393516094
BB45026985,12-50724070000,SEE980421575656
BB45026985,12-50724070000,SEE983877705974
BB45026985,12-50724070000,SEE957496380690
BB45026985,12-50724070000,BNA0737
BB45026985,12-50724070000,BNA0736
BB45026985,12-50724070000,SEE992841152355
BB45026985,12-50724070000,BNA0735
BE132279,06-11-01-1105608,BNA0083
BE132279,06-11-01-1105608,SEE956656118067
BE132279,06-11-01-1105608,SEE945212899878
BE166927,06-11-01-1105602,BNA0082
BE166928,06-11-01-1105609,SEE989328541450
BE166928,06-11-01-1105609,SEE974883809046
BE169709,06-11-01-1105501,SEE997719859992
BE169709,06-11-01-1105501,SEE988684097793
BE169709,06-11-01-1105501,SEE965333653821
BE172368,06-11-01-1150102,SEE932989146397
BE172368,06-11-01-1150102,SEE963154903477
BE172368,06-11-01-1150102,SEE944523267864
BE172368,06-11-01-1150102,SEE992980224760
BE172368,06-11-01-1150102,SEE951344432289
BE172368,06-11-01-1150102,SEE998116131216
BE172368,06-11-01-1150102,SEE998559811041
BE172368,06-11-01-1150102,SEE979958690659
BE172654,06-11-01-1105503,SEE904819420762
BE172654,06-11-01-1105503,SEE948541471333
BE172654,06-11-01-1105503,SEE992187994404
BE172656,06-11-01-1105502,SEE937536026146
BE172656,06-11-01-1105502,SEE982928435068
BE173097,06-11-01-1105607,BNA0075
BE173097,06-11-01-1105607,SEE929077603696
BE173097,06-11-01-1105607,SEE923401813959
BE173097,06-11-01-1105607,BNA0080
BE173097,06-11-01-1105607,BNA0076
BE173145,06-11-01-1105604,SEE981109871657
BE173145,06-11-01-1105604,SEE992645841813
BE173145,06-11-01-1105604,SEE963909310185
BE181711,06-11-01-1502601,SEE994281911899
BE181711,06-11-01-1502601,SEE990308000553
BE181711,06-11-01-1502601,SEE934292362181
BE181711,06-11-01-1502601,SEE998028907619
BE181711,06-11-01-1502601,SEE926990956885
BE181711,06-11-01-1502601,SEE926982393704
BE222276,06-11-01-1105603,SEE926090463146
BE222276,06-11-01-1105603,SEE962934119541
BWpf-450-1020129-00000000,06-08-1020129,SEE935086224739
BWpf-450-1020129-00000000,06-08-1020129,SEE968847258773
BWpf-450-1020129-00000000,06-08-1020129,SEE900364034072
BWpf-450-1020129-00000000,06-08-1020129,SEE948609940009
BWpf-450-1195689-00000000,06-08-1195689,SEE962877818310
BWpf-450-1195689-00000000,06-08-1195689,SEE905714722562
BWpf-450-1195689-00000000,06-08-1195689,SEE998383491525
BWpf-450-1195689-00000000,06-08-1195689,SEE951401550147
BWpf-450-1195689-00000000,06-08-1195689,SEE992973663477
BWpf-450-1195689-00000000,06-08-1195689,SEE985887784048
BWpf-450-1371304-00000000,06-08-1371304,SEE953235539855
BWpf-450-1371304-00000000,06-08-1371304,SEE972346658903
BWpf-450-1371304-00000000,06-08-1371304,SEE974615285285
BWpf-450-1371304-00000000,06-08-1371304,BNA0933
BWpf-450-1371304-00000000,06-08-1371304,BNA0934
BWpf-450-1383701-00000000,06-08-1383701,SEE936668903264
BWpf-450-1383701-00000000,06-08-1383701,SEE985331675700
BWpf-450-1479296-00000000,06-08-1479296,SEE901344829220
BWpf-450-1574906-00000000,06-08-1574906,SEE924343365650
BWpf-450-1574906-00000000,06-08-1574906,SEE993713255198
BWpf-450-1574906-00000000,06-08-1574906,SEE986713152253
BWpf-450-1574906-00000000,06-08-1574906,SEE994027750690
BWpf-450-1574906-00000000,06-08-1574906,SEE949085992346
BWpf-450-1741292-00000000,06-08-1741292,SEE975556152230
BWpf-450-1741292-00000000,06-08-1741292,SEE904161631090
BWpf-450-1741292-00000000,06-08-1741292,SEE963975943188
BWpf-450-1741292-00000000,06-08-1741292,SEE965782597448
BWpf-450-1741292-00000000,06-08-1741292,SEE971282697380
BWpf-450-1741292-00000000,06-08-1741292,SEE944503176377
BWpf-450-2142201-00000000,06-08-2142201,SEE911613995433
BWpf-450-2142201-00000000,06-08-2142201,SEE964114029633
BWpf-450-2142201-00000000,06-08-2142201,SEE937157344278
BWpf-450-2719371-00000000,06-08-2719371,SEE902096864651
BWpf-450-2719371-00000000,06-08-2719371,SEE955482235511
BWpf-450-2719371-00000000,06-08-2719371,SEE914187135533
BWpf-450-2719371-00000000,06-08-2719371,SEE974206815730
BWpf-450-2719371-00000000,06-08-2719371,SEE912912423627
BWpf-450-2719371-00000000,06-08-2719371,SEE937538401125
BWpf-450-2719371-00000000,06-08-2719371,SEE909106315790
BWpf-450-2719371-00000000,06-08-2719371,SEE916030519361
BWpf-450-2797933-00000000,06-08-2797933,SEE934927915690
BWpf-450-2797933-00000000,06-08-2797933,SEE980331579218
BWpf-450-2797933-00000000,06-08-2797933,SEE968136280119
BWpf-450-2797933-00000000,06-08-2797933,SEE980016033738
BWpf-450-2948214-00000000,06-08-2948214,BNA0643
BWpf-450-2948214-00000000,06-08-2948214,SEE988699847857
BWpf-450-2948214-00000000,06-08-2948214,BNA0642
BWpf-450-2948214-00000000,06-08-2948214,SEE909002940690
BWpf-450-2948214-00000000,06-08-2948214,SEE988477355802
BWpf-450-2948214-00000000,06-08-2948214,SEE975507584615
BWpf-450-2951606-00000000,06-08-2951606,BNA1200
BWpf-450-2951606-00000000,06-08-2951606,SEE919366422664
BWpf-450-2951606-00000000,06-08-2951606,SEE906120609386
BWpf-450-3042693-00000000,06-08-3042693,BNA0799
BWpf-450-3042693-00000000,06-08-3042693,SEE974753539035
BWpf-450-3042693-00000000,06-08-3042693,SEE963177319026
BWpf-450-3042693-00000000,06-08-3042693,SEE977368296324
BWpf-450-3042693-00000000,06-08-3042693,SEE950005518836
BWpf-450-3042693-00000000,06-08-3042693,SEE963197749315
BWpf-450-3042693-00000000,06-08-3042693,SEE914740925915
BWpf-450-3042693-00000000,06-08-3042693,SEE976252866650
BWpf-450-3042693-00000000,06-08-3042693,SEE903604447151
BWpf-450-3042693-00000000,06-08-3042693,SEE956308510836
BWpf-450-34064722-00000000,06-08-34064722,SEE955111508221
BWpf-450-34064722-00000000,06-08-34064722,SEE934531299087
BWpf-450-34064722-00000000,06-08-34064722,SEE975166535577
BWpf-450-3610519-00000000,06-08-3610519,SEE991039408854
BWpf-450-3610519-00000000,06-08-3610519,SEE946029200710
BWpf-450-3610519-00000000,06-08-3610519,SEE982694984074
BWpf-450-3610519-00000000,06-08-3610519,SEE901884895389
BWpf-450-4124448-00000000,06-08-4124448,SEE981220191160
BWpf-450-4666496-00000000,06-08-4666496,SEE945038569870
BWpf-450-4666496-00000000,06-08-4666496,SEE918111432224
BWpf-450-80920445-00000000,06-08-80920445,SEE946736241334
BWpf-450-9840001-00000000,06-08-9840001,SEE972356296461
BWpf-450-9840001-00000000,06-08-9840001,SEE903153060207
BYS00009,06-09-100-0003-0003,SEE958847865460
BYS00009,06-09-100-0003-0003,SEE962777669616
BYS00009,06-09-100-0003-0003,SEE949509046600
BYS00035,06-09-100-0020-0001,SEE912463283787
BYS00035,06-09-100-0020-0001,SEE921399860047
BYS00035,06-09-100-0020-0001,SEE975793104498
BYS00035,06-09-100-0020-0001,SEE945563004310
BYS00041,06-09-100-0088-0001,SEE952372080091
BYS00044,06-09-100-0088-0005,SEE985585573104
BYS00044,06-09-100-0088-0005,SEE907223904750
BYS00044,06-09-100-0088-0005,SEE901789931854
BYS00044,06-09-100-0088-0005,SEE980327120226
BYS00044,06-09-100-0088-0005,SEE976219797843
BYS00044,06-09-100-0088-0005,SEE996720450723
BYS00045,06-09-100-0088-0003,BNA0681
BYS00045,06-09-100-0088-0003,SEE920560912882
BYS00045,06-09-100-0088-0003,SEE945217244789
BYS00045,06-09-100-0088-0003,BNA0682
BYS00048,06-09-100-0001-0002,SEE915432109163
BYS00048,06-09-100-0001-0002,SEE963541517812
BYS00048,06-09-100-0001-0002,SEE924780675428
BYS00048,06-09-100-0001-0002,SEE973737205324
BYS00048,06-09-100-0001-0002,SEE915883553447
BYS00048,06-09-100-0001-0002,SEE948129095272
BYS00056,06-09-161-0102-0001,SEE937617144974
BYS00056,06-09-161-0102-0001,SEE908836263777
BYS00064,06-09-162-0025-0001,SEE982889459141
BYS00064,06-09-162-0025-0001,SEE967283752913
BYS00064,06-09-162-0025-0001,SEE917331286914
BYS00064,06-09-162-0025-0001,SEE927436598478
BYS00064,06-09-162-0025-0001,SEE902845037787
BYS00064,06-09-162-0025-0001,SEE995752550746
BYS00064,06-09-162-0025-0001,SEE910823411191
BYS00104,06-09-171-0002--C01,SEE927473609168
BYS00108,06-09-171-3001-0B01,SEE947745452346
BYS00108,06-09-171-3001-0B01,SEE939211785720
BYS00114,06-09-171-0009-0B01,SEE921503407342
BYS00114,06-09-171-0009-0B01,SEE947816911833
BYS00114,06-09-171-0009-0B01,SEE903050601572
BYS00114,06-09-171-0009-0B01,SEE956085205437
BYS00135,06-09-176-0003-0139,SEE938449433663
BYS00135,06-09-176-0003-0139,SEE933714674710
BYS00135,06-09-176-0003-0139,SEE919286948329
BYS00149,06-09-178-0722-0001,SEE966934929711
BYS00149,06-09-178-0722-0001,SEE921499316925
BYS00149,06-09-178-0722-0001,SEE973218123130
BYS00149,06-09-178-0722-0001,SEE990748250273
BYS00149,06-09-178-0722-0001,SEE945332437417
BYS00149,06-09-178-0722-0001,SEE949201577754
BYS00149,06-09-178-0722-0001,SEE946394519998
BYS00149,06-09-178-0722-0001,SEE980130244065
BYS00149,06-09-178-0722-0001,SEE976877764072
BYS00149,06-09-178-0722-0001,SEE942051897355
BYS00149,06-09-178-0722-0001,SEE925705511180
BYS00149,06-09-178-0722-0001,SEE925623713673
BYS00149,06-09-178-0722-0001,SEE943668244310
BYS00233,06-09-187-4048-0001,SEE997682781566
BYS00235,06-09-187-4135-0001,SEE957952105034
BYS00282,06-09-190-0036-0002,SEE939218038409
BYS00282,06-09-190-0036-0002,SEE933094075404
BYS00282,06-09-190-0036-0002,SEE912975333499
BYS00282,06-09-190-0036-0002,SEE917211801770
BYS00282,06-09-190-0036-0002,SEE929068766096
BYS00282,06-09-190-0036-0002,SEE931986160672
BYS00291,06-09-261-0007-0041,SEE909963484639
BYS00291,06-09-261-0007-0041,SEE945807171310
BYS00291,06-09-261-0007-0041,SEE956674158182
BYS00291,06-09-261-0007-0041,SEE975854838485
BYS00291,06-09-261-0007-0041,SEE935253303649
BYS00291,06-09-261-0007-0041,SEE996431301710
BYS00291,06-09-261-0007-0041,SEE943109996648
BYS00311,06-09-271-0260-0001,SEE973101826070
BYS00311,06-09-271-0260-0001,SEE931001040675
BYS00323,06-09-273-0310-0001,SEE926120377375
BYS00334,06-09-273-0317-0001,SEE946476002431
BYS00334,06-09-273-0317-0001,SEE960162708360
BYS00334,06-09-273-0317-0001,SEE980823248912
BYS00334,06-09-273-0317-0001,SEE911507913505
BYS00471,06-09-279-0013-0001,SEE972750176482
BYS00471,06-09-279-0013-0001,SEE955178360381
BYS00471,06-09-279-0013-0001,SEE918100281437
BYS00471,06-09-279-0013-0001,SEE993922966908
BYS00471,06-09-279-0013-0001,SEE946583344691
BYS00471,06-09-279-0013-0001,SEE933402065318
BYS00471,06-09-279-0013-0001,SEE976607134694
BYS00505,06-09-362-0100-0001,SEE928797247012
BYS00505,06-09-362-0100-0001,SEE902725989434
BYS00505,06-09-362-0100-0001,SEE989785638618
BYS00505,06-09-362-0100-0001,SEE908927793930
BYS00505,06-09-362-0100-0001,SEE910326850336
BYS00708,06-09-500-0112-0001,SEE922581598120
BYS00708,06-09-500-0112-0001,SEE971304457053
BYS00708,06-09-500-0112-0001,SEE934668342441
BYS00708,06-09-500-0112-0001,SEE912764206645
BYS00708,06-09-500-0112-0001,SEE982350358232
BYS00719,06-09-500-0354-0002,SEE976880282228
BYS00719,06-09-500-0354-0002,SEE923769915258
BYS00719,06-09-500-0354-0002,SEE942019110397
BYS00719,06-09-500-0354-0002,SEE980608407671
BYS00719,06-09-500-0354-0002,SEE949895584069
BYS00727,06-09-500-0368-0001,SEE911764038249
BYS00727,06-09-500-0368-0001,SEE982367992610
BYS00727,06-09-500-0368-0001,SEE922477386435
BYS00758,06-09-564-0555-0001,SEE992041330157
BYS00758,06-09-564-0555-0001,SEE992950044022
BYS00758,06-09-564-0555-0001,SEE946001068260
BYS00758,06-09-564-0555-0001,SEE983724570465
BYS00845,06-09-600-0025-0001,SEE972526098451
BYS00845,06-09-600-0025-0001,SEE944095305490
BYS00845,06-09-600-0025-0001,SEE967844487346
BYS00845,06-09-600-0025-0001,SEE910471578864
BYS00860,06-09-661-0020-0001,BNA1337a
BYS00860,06-09-661-0020-0001,SEE915604855232
BYS00869,06-09-600-0009-0001,SEE956216040883
BYS00869,06-09-600-0009-0001,SEE943766131437
BYS00869,06-09-600-0009-0001,SEE970928898099
BYS00869,06-09-600-0009-0001,SEE905714982744
BYS00894,06-09-671-0140-0001,SEE971943692655
BYS00894,06-09-671-0140-0001,SEE985117126280
BYS00904,06-09-674-2071-0001,SEE912906399075
BYS00925,06-09-676-2101-0002,SEE919296928137
BYS00995,06-09-761-0034-0001,SEE957639615832
BYS00995,06-09-761-0034-0001,SEE941055812814
BYS00995,06-09-761-0034-0001,SEE952857304476
BYS00998,06-09-761-0026-0001,SEE925694194494
BYS01153,06-09-778-0100-0001,SEE948869114622
BYS01153,06-09-778-0100-0001,SEE994477053693
DE.EEA2514,06-08-4380932,BNA0011
DE.EEA255206,06-05-112-0458158,SEE953987748918
DE.EEA255206,06-05-112-0458158,SEE987113516188
DE.EEA255206,06-05-112-0458158,SEE959044776498
DE.EEA255206,06-05-112-0458158,BNA0212
DE.EEA255206,06-05-112-0458158,SEE974767618801
DE.EEA255206,06-05-112-0458158,SEE930277153294
DE.EEA255206,06-05-112-0458158,SEE923129957027
DE.EEA255737,06-05-800-0203946,SEE999145467468
DE.EEA255737,06-05-800-0203946,BNA0490b
DE.EEA43267,03-01-01010356620,SEE971995083203
DE.EEA43436,03-06-06254353820,SEE999346426134
DE.EEA43436,03-06-06254353820,SEE976333173899
DE.EEA44322,06-05-500-0875741,SEE923577153439
DE.EEA44322,06-05-500-0875741,BNA0661
DE.EEA44322,06-05-500-0875741,SEE938923083674
DE.EEA44322,06-05-500-0875741,SEE984037976906
DE.EEA44322,06-05-500-0875741,SEE934361309352
DE.EEA44322,06-05-500-0875741,SEE977273010268
DE.EEA44322,06-05-500-0875741,SEE945093389369
DE.EEA44408,06-05-700-0090319,BNA0812
DE.EEA44408,06-05-700-0090319,BNA0813
DE.EEA44484,06-05-800-0197010,SEE986331287955
DE.EEA44708,06-05-900-0320357,BNA0203
DE.EEA46609,14-20-48821410003,BNA0178
DE.EEA46617,14-20-60319980000,SEE923729511377
DE.EEA46617,14-20-60319980000,SEE963962520354
DE.EEA46617,14-20-60319980000,SEE940178738247
DE.EEA46679,14-30-56918040000,SEE911097916719
DE.EEA46679,14-30-56918040000,SEE945682618689
DE.EEA46983,18038,BNA0680
HE20000004,06-00000130433,SEE928580946900
HE20000115,06-00004310411,SEE996136363488
HE20000115,06-00004310411,SEE963398776042
HE20000115,06-00004310411,SEE961620762023
HE30000030,06-00464020412,SEE971867565370
HE30000030,06-00464020412,BNA0288
HE30000036,06-00464010412,SEE994429144455
HE30000036,06-00464010412,SEE915289541482
HE30000036,06-00464010412,SEE917943562765
HE30000163,06-00453010412,SEE936502086450
HE30000163,06-00453010412,SEE935809614632
HE30000163,06-00453010412,SEE974805767829
HE30000163,06-00453010412,SEE928072880231
HE30000163,06-00453010412,SEE969540726491
HE30000163,06-00453010412,SEE948546582201
HE30000163,06-00453010412,SEE946744372112
HE30000163,06-00453010412,SEE914989602134
HE30000163,06-00453010412,SEE909438607068
HE30000163,06-00453010412,SEE905366486355
HE30000163,06-00453010412,SEE919137629452
HE30000963,06-00059010413,SEE954169155876
HE30001045,06-00176010435,BNA0376
HE30001045,06-00176010435,BNA0375
HE30001045,06-00176010435,SEE988182827533
HE30001045,06-00176010435,SEE929161243203
HE50000118,06-14600010611,SEE994210380116
HE50000118,06-14600010611,SEE913088869400
HE50000118,06-14600010611,SEE982127973149
HE50000118,06-14600010611,SEE928076311489
HE50000213,06-26200010633,SEE961847934449
HE50000213,06-26200010633,SEE998387657606
HE50000213,06-26200010633,BNA0059a
HE50001960,06-76400010631,SEE945436960576
HE50001960,06-76400010631,SEE925631744058
HE50001960,06-76400010631,SEE993957305321
HE50001960,06-76400010631,SEE932621971301
HE50002119,06-90031210632,SEE913280112274
HE50002119,06-90031210632,SEE990935582224
HE50002119,06-90031210632,SEE906462907775
HE50002119,06-90031210632,SEE907064154956
HE50002119,06-90031210632,SEE952488583202
HE50002119,06-90031210632,SEE916865356940
HE50002119,06-90031210632,SEE970554561831
HE50002124,06-90030210631,SEE947712976042
HE50002124,06-90030210631,SEE953048986860
HE50002124,06-90030210631,SEE938018666973
HE50002124,06-90030210631,SEE933639931950
HE50002126,06-90032200632,SEE925720506642
HE50002126,06-90032200632,SEE975193004329
HE50002126,06-90032200632,SEE979861364876
HE50002126,06-90032200632,SEE993412996354
HE50002167,06-19200010636,SEE990015251552
HE80000333,06-50940010414,SEE968474056711
HE80000333,06-50940010414,SEE919189403703
HE80000333,06-50940010414,SEE988616317180
HE80000333,06-50940010414,SEE913609763316
HE80000333,06-50940010414,SEE969023487444
HE80000333,06-50940010414,SEE964717210810
HH11643,06-02-BERZ003800,SEE999848168525
HH11643,06-02-BERZ003800,SEE972471937317
HH12273,06-02-B28903H003,SEE954367504490
HH12273,06-02-B28903H003,SEE972598164399
HH12273,06-02-B28903H003,SEE991299080678
HH12273,06-02-B28903H003,SEE906231810480
HH12273,06-02-B28903H003,SEE975217906967
HH12275,06-02-B2D350A001,SEE932235962276
HH12275,06-02-B2D350A001,SEE943007353727
HH12275,06-02-B2D350A001,SEE986400818790
HH4383,06-02-B2A100H003,BNA1294
MV30000226,13-30-1010101,SEE943427876363
MV30000298,13-30-2102110,SEE916662059105
MV30000298,13-30-2102110,SEE942226311273
MV30000298,13-30-2102110,SEE908746529123
MV40000004,13-40-1300408,SEE998526561375
MV40000004,13-40-1300408,SEE977613214097
MV40000004,13-40-1300408,SEE950689982695
MV50000071,13-50-138,SEE975464070619
MV50000071,13-50-138,SEE932265704129
MV50000071,13-50-138,SEE964935453853
MV60004935,13-60-80624,SEE905257392765
MV60004960,13-60-80407,SEE982138852266
MV60004960,13-60-80407,SEE910452698000
MV60004960,13-60-80407,SEE999258963376
MV60004960,13-60-80407,SEE953611260939
MV60004960,13-60-80407,SEE976858964187
MV60004960,13-60-80407,SEE964447287038
MV60004960,13-60-80407,SEE915945252462
MV90031941,13-60-34101,SEE911283118750
NI01010098080,03-01-01010098080,SEE904194792843
NI01010157480,03-01-01010157480,SEE920992144554
NI01010157480,03-01-01010157480,SEE996990805407
NI01010157480,03-01-01010157480,SEE975094128629
NI01010959490,03-01-01010959490,SEE963817764100
NI01012110180,03-01-01012110180,BNA0439
NI01211092310,03-01-01211092310,SEE901935169124
NI01211092310,03-01-01211092310,SEE982082292286
NI01211092310,03-01-01211092310,SEE948375642084
NI01227041760,03-01-01227041760,SEE931044787582
NI01227041760,03-01-01227041760,SEE980794086872
NI01241117210,03-01-01241117210,SEE984196895179
NI01241117210,03-01-01241117210,SEE987007882719
NI01241117210,03-01-01241117210,SEE990778985312
NI01241117210,03-01-01241117210,SEE959000487536
NI01241117210,03-01-01241117210,SEE917432813484
NI01241117210,03-01-01241117210,SEE920837459195
NI01241117210,03-01-01241117210,SEE919939073064
NI01241117210,03-01-01241117210,SEE998984420832
NI01241117210,03-01-01241117210,SEE943210695102
NI01244641360,03-01-01244641360,SEE935395375856
NI01244641360,03-01-01244641360,SEE987326760026
NI02020049510,03-02-02020049510,SEE963301495572
NI02020049510,03-02-02020049510,SEE955802157592
NI02020049510,03-02-02020049510,SEE914931712744
NI02221253020,03-02-02221253020,SEE957201039868
NI02221253020,03-02-02221253020,SEE923412553844
NI03030273580,03-03-03030273580,SEE926897163430
NI03030273580,03-03-03030273580,SEE964077382691
NI03030273580,03-03-03030273580,BNA0918a
NI03030273580,03-03-03030273580,SEE970688261195
NI03030273580,03-03-03030273580,SEE920864082298
NI03030273580,03-03-03030273580,SEE954183997452
NI03267770260,03-03-03267770260,SEE989834346082
NI03267770260,03-03-03267770260,SEE917497526305
NI04224004080,03-04-04224004080,SEE907597880766
NI04224004080,03-04-04224004080,SEE950589701143
NI04247180070,03-04-04247180070,SEE927303933470
NI04247180070,03-04-04247180070,SEE917925869486
NI04247180070,03-04-04247180070,SEE917960395155
NI05050072350,03-05-05050072350,SEE973250051972
NI05231382180,03-05-05231382180,SEE967243760361
NI06060116320,03-06-06060116320,SEE999585452499
NI06060116320,03-06-06060116320,SEE983959934148
NI06060116320,03-06-06060116320,SEE907933719545
NI06060116320,03-06-06060116320,SEE965551192713
NI06060316030,03-06-06060316030,SEE932928232242
NI06060316030,03-06-06060316030,SEE987633796220
NI06277201660,03-06-06277201660,SEE986633590692
NI06277201660,03-06-06277201660,SEE914688001801
NI06277201660,03-06-06277201660,SEE989342161450
NI07244141350,03-07-07244141350,BNA0012d
NI07244473830,03-07-07244473830,SEE948481095354
NI07244473830,03-07-07244473830,SEE930751125922
NI08271405180,03-08-08271405180,SEE902686859227
NI08271405180,03-08-08271405180,SEE945740636167
NI08271405180,03-08-08271405180,SEE934529216348
NI09000237910,03-09-09000237910,SEE970425279599
NI09261732970,03-09-09261732970,SEE967916097817
NI09281337040,03-09-09281337040,SEE980976424690
NI09281337040,03-09-09281337040,SEE995754822537
NI09281337040,03-09-09281337040,SEE961202959384
NI09281337040,03-09-09281337040,SEE953784241926
NI09281337040,03-09-09281337040,SEE927766801477
NI09281337040,03-09-09281337040,SEE988265559689
NI09281337040,03-09-09281337040,SEE997216629753
NI09281337040,03-09-09281337040,SEE903702464654
NI09281337040,03-09-09281337040,SEE987913244618
NI09281566110,03-09-09281566110,SEE907162822238
NI09281566110,03-09-09281566110,SEE977258693776
NI09281566110,03-09-09281566110,SEE934897209904
NI10100029340,03-10-10100029340,SEE974018310478
NI10100029340,03-10-10100029340,SEE920672219015
NI10101531850,03-10-10101531850,SEE908658611688
NI10101531850,03-10-10101531850,SEE947763810036
NI10257401440,03-10-10257401440,SEE967441234602
NI10257401440,03-10-10257401440,SEE950981928360
NI10257401440,03-10-10257401440,SEE960254517375
NI10257401440,03-10-10257401440,SEE909297051026
NI10257673950,03-10-10257673950,SEE994418588468
NI10257673950,03-10-10257673950,SEE911671792326
NI10257673950,03-10-10257673950,SEE933564106935
NI10257673950,03-10-10257673950,SEE979958390276
NI10257673950,03-10-10257673950,SEE985908351792
NI10257673950,03-10-10257673950,SEE951620659119
NI10257673950,03-10-10257673950,SEE929022761297
NI10257673950,03-10-10257673950,SEE925192446583
NI10257673950,03-10-10257673950,SEE921098709050
NI10285139970,03-10-10285139970,SEE940780197517
NI31000005008,03-31-31000005008,SEE979811488683
NI31000005008,03-31-31000005008,SEE950309975076
NW100-0018507,06-05-100-0018507,SEE976415135319
NW100-0018507,06-05-100-0018507,SEE926239714443
NW100-0030712,06-05-100-0030712,SEE921706084241
NW100-0030712,06-05-100-0030712,SEE994055644299
NW100-0030712,06-05-100-0030712,SEE968471468838
NW100-0030712,06-05-100-0030712,SEE960352714492
NW100-0030712,06-05-100-0030712,SEE978399772948
NW100-0030712,06-05-100-0030712,SEE966083015792
NW100-0031758,06-05-100-0031758,BNA0211
NW100-0036701,06-05-100-0036701,SEE957939399869
NW100-0042820,06-05-100-0042820,SEE977834211387
NW100-0046639,06-05-100-0046639,SEE960733358116
NW100-0046639,06-05-100-0046639,SEE938663790405
NW100-0046639,06-05-100-0046639,SEE960955163109
NW100-0081105,06-05-100-0081105,SEE992750539261
NW100-0081105,06-05-100-0081105,BNA0303
NW100-0081105,06-05-100-0081105,BNA0304
NW100-0081105,06-05-100-0081105,BNA0302
NW100-0081105,06-05-100-0081105,BNA0308
NW100-0081105,06-05-100-0081105,BNA0305
NW100-0081105,06-05-100-0081105,BNA0306
NW100-0081105,06-05-100-0081105,BNA0309
NW100-0081105,06-05-100-0081105,SEE999431209765
NW100-0081105,06-05-100-0081105,BNA0307
NW100-0081105,06-05-100-0081105,BNA0312
NW100-0081105,06-05-100-0081105,BNA0311
NW100-0081105,06-05-100-0081105,BNA0310
NW100-0154540,06-05-100-0154540,SEE951458309484
NW100-0154540,06-05-100-0154540,SEE999839188105
NW100-0154540,06-05-100-0154540,SEE906385906152
NW100-0154540,06-05-100-0154540,SEE966481430050
NW100-0154540,06-05-100-0154540,SEE911257641864
NW100-0167182,06-05-100-0167182,SEE989503748513
NW100-0167182,06-05-100-0167182,SEE975361659900
NW100-0167182,06-05-100-0167182,SEE957083466325
NW100-0167182,06-05-100-0167182,SEE976549634931
NW100-0167182,06-05-100-0167182,SEE972458947407
NW100-0167182,06-05-100-0167182,BNA0221c
NW100-0229264,06-05-100-0229264,SEE916495905242
NW100-0229264,06-05-100-0229264,SEE915885358156
NW100-0229264,06-05-100-0229264,SEE922855765289
NW100-0229264,06-05-100-0229264,SEE964745752825
NW100-0248923,06-05-100-0248923,SEE925599434282
NW100-0248923,06-05-100-0248923,SEE978971638464
NW100-0248923,06-05-100-0248923,SEE931736847297
NW100-0248923,06-05-100-0248923,SEE976414005279
NW100-0248923,06-05-100-0248923,SEE907150117643
NW100-0248923,06-05-100-0248923,SEE979012663285
NW100-0248923,06-05-100-0248923,SEE993592183001
NW100-0365906,06-05-100-0365906,BNA0215
NW100-0365906,06-05-100-0365906,SEE918143230942
NW100-0365906,06-05-100-0365906,SEE978389589440
NW100-0387357,06-05-100-0387357,SEE946501569267
NW100-0387357,06-05-100-0387357,SEE960935066536
NW100-0501870,06-05-100-0501870,SEE986145450682
NW100-0888309,06-05-100-0888309,SEE900341307519
NW100-0989137,06-05-100-0989137,SEE970931306376
NW100-0989137,06-05-100-0989137,SEE964450365167
NW100-0989137,06-05-100-0989137,SEE952058615067
NW100-0989137,06-05-100-0989137,SEE993292613167
NW100-0989137,06-05-100-0989137,SEE986520256656
NW100-0990908,06-05-100-0990908,BNA0753
NW100-0990908,06-05-100-0990908,SEE971740147860
NW100-0990908,06-05-100-0990908,SEE907524301289
NW100-0990908,06-05-100-0990908,SEE921785427038
NW100-9020309,06-05-100-9020309,SEE945071514516
NW100-9020309,06-05-100-9020309,SEE977708202411
NW100-9021016,06-05-100-9021016,SEE917033307511
NW100-9021016,06-05-100-9021016,SEE980525088564
NW100-9021016,06-05-100-9021016,SEE911850657996
NW100-9021016,06-05-100-9021016,SEE994134561226
NW100-9021016,06-05-100-9021016,SEE988421065542
NW100-9021016,06-05-100-9021016,SEE916683222854
NW100-9021016,06-05-100-9021016,SEE993301547841
NW100-9021016,06-05-100-9021016,SEE910161577337
NW300-0054298,06-05-300-0054298,BNA0544
NW300-0072412,06-05-300-0072412,SEE914128531905
NW300-0072412,06-05-300-0072412,SEE912440649056
NW300-0072412,06-05-300-0072412,SEE927622980674
NW300-0079450,06-05-300-0079450,SEE998356674993
NW300-0079450,06-05-300-0079450,SEE922579581844
NW300-0079450,06-05-300-0079450,SEE991324265957
NW300-0079450,06-05-300-0079450,SEE968206101610
NW300-0181417,06-05-300-0181417,SEE986936308987
NW300-0181417,06-05-300-0181417,SEE991627285584
NW300-0181417,06-05-300-0181417,SEE975369197862
NW300-0181417,06-05-300-0181417,SEE975343602986
NW300-0213768,06-05-300-0213768,SEE969775213346
NW300-0215443,06-05-300-0215443,SEE990523934756
NW300-0215443,06-05-300-0215443,SEE924053403383
NW300-0215520,06-05-300-0215520,SEE971914041024
NW300-0215520,06-05-300-0215520,SEE915108754215
NW300-0326774,06-05-300-0326774,SEE967605837250
NW300-0326774,06-05-300-0326774,SEE983252937631
NW300-0326774,06-05-300-0326774,SEE957229968300
NW300-0326774,06-05-300-0326774,SEE921905907730
NW300-0326774,06-05-300-0326774,SEE930228090937
NW300-0326774,06-05-300-0326774,BNA0710
NW300-0326774,06-05-300-0326774,BNA0711
NW300-0326774,06-05-300-0326774,SEE901786750397
NW300-0370387,06-05-300-0370387,SEE984335626152
NW300-0370387,06-05-300-0370387,SEE931050475398
NW300-0370387,06-05-300-0370387,SEE916609233650
NW300-0370387,06-05-300-0370387,BNA1183
NW300-0838652,06-05-300-0838652,SEE990603147649
NW300-0838652,06-05-300-0838652,SEE997867646000
NW300-0877384,06-05-300-0877384,SEE909886576275
NW300-0877384,06-05-300-0877384,SEE955314088254
NW300-0877384,06-05-300-0877384,SEE987007884447
NW300-0877384,06-05-300-0877384,BNA1022
NW300-0877384,06-05-300-0877384,SEE999117793854
NW300-0877384,06-05-300-0877384,BNA1021
NW300-0877384,06-05-300-0877384,SEE933685962403
NW300-0877384,06-05-300-0877384,SEE904421343152
NW300-0890760,06-05-300-0890760,SEE937236372871
NW300-0907015,06-05-300-0907015,SEE965327731764
NW300-0907015,06-05-300-0907015,SEE998558143099
NW300-0923949,06-05-300-0923949,SEE978207781308
NW300-0923949,06-05-300-0923949,SEE961660070034
NW300-0923949,06-05-300-0923949,SEE915426748132
NW300-9002708,06-05-300-9002708,SEE991220769276
NW300-9002708,06-05-300-9002708,SEE914857304191
NW300-9002708,06-05-300-9002708,SEE908089235248
NW300-9002708,06-05-300-9002708,BNA0199
NW300-9046030,06-05-300-9046030,SEE903983424590
NW300-9046030,06-05-300-9046030,SEE959576281422
NW300-9046030,06-05-300-9046030,SEE930982693153
NW300-9046030,06-05-300-9046030,SEE905192478234
NW300-9046797,06-05-300-9046797,SEE945462188876
NW300-9046797,06-05-300-9046797,SEE968234156613
NW300-9046797,06-05-300-9046797,SEE976193474983
NW300-9046797,06-05-300-9046797,SEE969707026280
NW300-9046797,06-05-300-9046797,SEE956973616802
NW300-9046797,06-05-300-9046797,SEE976489828827
NW300-9046797,06-05-300-9046797,SEE989771083484
NW300-9046797,06-05-300-9046797,SEE941166182769
NW500-0338944,06-05-500-0338944,SEE970816213751
NW500-0342658,06-05-500-0342658,BNA0333
NW500-0342658,06-05-500-0342658,SEE939692270074
NW500-0342658,06-05-500-0342658,SEE952352206145
NW500-0342658,06-05-500-0342658,SEE933236950972
NW500-0342658,06-05-500-0342658,BNA0334
NW500-0342658,06-05-500-0342658,BNA0335
NW500-0342658,06-05-500-0342658,SEE989054024678
NW500-0342658,06-05-500-0342658,SEE970579995963
NW500-0342658,06-05-500-0342658,SEE938587513135
NW500-0875785,06-05-500-0875785,SEE907282834715
NW500-0875785,06-05-500-0875785,SEE920575296687
NW500-0875785,06-05-500-0875785,SEE920801236685
NW500-0875785,06-05-500-0875785,SEE970820981745
NW500-0875785,06-05-500-0875785,SEE926313104276
NW500-0875785,06-05-500-0875785,SEE994351082467
NW500-0915123,06-05-500-0915123,SEE913516809497
NW500-0915123,06-05-500-0915123,BNA0188
NW500-0915123,06-05-500-0915123,BNA0187
NW500-0915123,06-05-500-0915123,BNA0189
NW500-9981505,06-05-500-9981505,SEE910102553963
NW700-0008683,06-05-700-0008683,SEE986959633936
NW700-0008683,06-05-700-0008683,SEE906834978235
NW700-0020290,06-05-700-0020290,SEE985796237000
NW700-0020290,06-05-700-0020290,SEE958518628752
NW700-0020290,06-05-700-0020290,SEE998177335011
NW700-0020290,06-05-700-0020290,SEE995462815548
NW700-0104479,06-05-700-0104479,SEE928983473973
NW700-0105516,06-05-700-0105516,SEE937052769589
NW700-9073419,06-05-700-9073419,SEE966835021620
NW700-9073419,06-05-700-9073419,SEE908154984538
NW700-9073419,06-05-700-9073419,SEE901925227438
NW700-9073419,06-05-700-9073419,SEE968058469012
NW700-9073419,06-05-700-9073419,SEE960916622249
NW700-9073419,06-05-700-9073419,SEE985288285472
NW700-9073508,06-05-700-9073508,SEE951684578067
NW800-0197054,06-05-800-0197054,SEE905721866655
NW900-0001413,06-05-900-0001413,SEE993385162510
NW900-0001413,06-05-900-0001413,SEE900040609433
NW900-0001413,06-05-900-0001413,SEE909339504022
NW900-0021170,06-05-900-0021170,BNA0110
NW900-0045033,06-05-900-0045033,BNA1037
NW900-0045033,06-05-900-0045033,BNA1035
NW900-0045033,06-05-900-0045033,SEE930159654734
NW900-0045033,06-05-900-0045033,SEE911202451180
NW900-0079017,06-05-900-0079017,BNA0415
NW900-0079017,06-05-900-0079017,BNA0413a
NW900-0079017,06-05-900-0079017,BNA0413b
NW900-0079017,06-05-900-0079017,BNA0414
NW900-0079017,06-05-900-0079017,SEE978327902850
NW900-0080266,06-05-900-0080266,SEE987407788451
NW900-0080266,06-05-900-0080266,SEE972461974179
NW900-0125939,06-05-900-0125939,SEE942982288260
NW900-0125939,06-05-900-0125939,SEE995184160995
NW900-0125939,06-05-900-0125939,SEE986561991462
NW900-0125939,06-05-900-0125939,SEE907892165506
NW900-0205103,06-05-900-0205103,SEE930673793902
NW900-0235121,06-05-900-0235121,SEE974045584156
NW900-0235121,06-05-900-0235121,SEE905229048430
NW900-0271161,06-05-900-0271161,BNA0448
NW900-0327252,06-05-900-0327252,SEE945908806647
NW900-0327252,06-05-900-0327252,SEE948351715917
NW900-0327252,06-05-900-0327252,BNA0447
NW900-0327252,06-05-900-0327252,BNA0449
NW900-0865327,06-05-900-0865327,SEE923304040681
NW900-0865327,06-05-900-0865327,SEE978654614532
NW900-0865327,06-05-900-0865327,SEE942237774470
NW900-0865327,06-05-900-0865327,SEE908672656115
NW900-0865327,06-05-900-0865327,BNA1041
NW900-0865327,06-05-900-0865327,SEE964242179781
NW900-0865327,06-05-900-0865327,BNA1046a
NW900-0865327,06-05-900-0865327,SEE995899706617
NW900-0865327,06-05-900-0865327,SEE939426112649
NW900-0865327,06-05-900-0865327,SEE932787342328
NW900-0884101,06-05-900-0884101,BNA0618
NW900-0884101,06-05-900-0884101,BNA0619
NW900-0888950,06-05-900-0888950,SEE994761683902
NW900-0888950,06-05-900-0888950,SEE924647197780
NW900-9140178,06-05-900-9140178,SEE987970110314
NW900-9140178,06-05-900-9140178,SEE900628853036
NW900-9141660,06-05-900-9141660,SEE961029163353
RP1000136,07-01-126351,SEE982064018118
RP1000136,07-01-126351,SEE999756197518
RP1000136,07-01-126351,SEE932782707160
RP1000136,07-01-126351,SEE958827094903
RP4000021,07-04-6021280,SEE920825895844
RP4000021,07-04-6021280,SEE945401341942
RP4000021,07-04-6021280,SEE979557966681
RP4000021,07-04-6021280,SEE983509659989
RP4000021,07-04-6021280,SEE916830465356
RP4000021,07-04-6021280,SEE997770651436
RP4000021,07-04-6021280,SEE982563254987
RP4000021,07-04-6021280,SEE996285049943
RP4000021,07-04-6021280,SEE909927513559
RP4000021,07-04-6021280,SEE966089822219
RP4000021,07-04-6021280,SEE951582148140
RP4000021,07-04-6021280,SEE964290104919
RP4000021,07-04-6021280,SEE945569399960
RP4000021,07-04-6021280,SEE969670581717
RP4000041,07-04-6048443,SEE900100287427
RP4000041,07-04-6048443,SEE924235173530
RP4000050,07-04-6055400,SEE904364883227
RP4000050,07-04-6055400,SEE956884287917
RP5000031,07-05-8030815,SEE957723162266
RP5000152,07-05-8153238,SEE969051180959
RP5000221,07-05-8225833,SEE959613772449
RP5000221,07-05-8225833,SEE908293161302
RP5000221,07-05-8225833,SEE974521954909
RP5000656,07-05-8779480,SEE995077047419
RP5000671,07-05-8290552,SEE920494524915
RP5000671,07-05-8290552,SEE923480721565
RP5000671,07-05-8290552,SEE976850689781
RP5000671,07-05-8290552,SEE944122961347
RP5000671,07-05-8290552,SEE943309807898
RP5000671,07-05-8290552,SEE923421872301
RP5000671,07-05-8290552,SEE914414538991
RP5000671,07-05-8290552,SEE922559384908
RP5000671,07-05-8290552,SEE920556442270
SH10000140,01-10-51011005501,SEE940809994431
SH10000140,01-10-51011005501,SEE931197865137
SH10000140,01-10-51011005501,SEE914143996840
SH10039818,01-10-51048040567,SEE981258814888
SH50080412,01-50-02000283604,BNA0526
SH50080603,01-50-04000082392,SEE923340224045
SH50080603,01-50-04000082392,SEE934591835126
SH50080603,01-50-04000082392,SEE953266686481
SH50080603,01-50-04000082392,SEE961021885321
SH50082038,01-50-01000004838,SEE990438768378
SH50082038,01-50-01000004838,BNA0274
SH50082038,01-50-01000004838,SEE949216632202
SH50082038,01-50-01000004838,SEE970667868155
SH50082038,01-50-01000004838,SEE957285549260
SH50082038,01-50-01000004838,SEE966920434281
SH50082038,01-50-01000004838,BNA0273
SH50082038,01-50-01000004838,SEE999539592561
SH50082038,01-50-01000004838,SEE958184152735
SH50082038,01-50-01000004838,BNA0269
SH50083712,01-50-56050192711,SEE934530018092
SH50083712,01-50-56050192711,SEE960100973492
SL0075248-G,06-10-0075248,BNA0253
SL0075248-G,06-10-0075248,BNA0252
SL0100999-G,06-10-00100999,SEE954971534470
SL0101000-G,06-10-00101000,SEE943764365964
SL0101000-G,06-10-00101000,SEE977622942226
SL0101000-G,06-10-00101000,SEE919393178787
SL0101000-G,06-10-00101000,SEE968581935343
SL0101000-G,06-10-00101000,SEE923485223774
SL0101000-G,06-10-00101000,SEE908070409573
SL0101000-G,06-10-00101000,SEE987838157994
SL0101000-G,06-10-00101000,SEE913600410226
SL0101000-G,06-10-00101000,SEE934337929126
SL0101003-G,06-10-00101003,SEE906326984744
SL0105352-G,06-10-0020157,SEE975188536989
SL0105352-G,06-10-0020157,SEE950895373805
SL0105352-G,06-10-0020157,SEE979779484642
SL0105352-G,06-10-0020157,SEE927282130440
SN60015149,14-60-48821410003,SEE923082939436
SN60015149,14-60-48821410003,SEE955076814825
SN60015149,14-60-48821410003,SEE944044057432
SN60015149,14-60-48821410003,SEE946709181179
SN60015149,14-60-48821410003,SEE933960350956
SN60015149,14-60-48821410003,SEE909466066615
SN60015149,14-60-48821410003,SEE974236609859
SN60015149,14-60-48821410003,SEE928331694449
SN60015149,14-60-48821410003,SEE972779194474
SN60018636,14-60-64877950001,SEE937830141170
SN70015792,14-70-51322590000,SEE917568874298
SN70015792,14-70-51322590000,SEE989200392347
SN70015792,14-70-51322590000,SEE904662075126
SN70015796,14-70-46630660001,SEE907389779292
SN70015796,14-70-46630660001,SEE968582186379
SN70015796,14-70-46630660001,SEE985842749525
SN70015796,14-70-46630660001,SEE908125004449
SN70015917,14-70-52316707024,SEE930647914081
SN70015917,14-70-52316707024,SEE962395118756
SN70015917,14-70-52316707024,SEE965660903200
SN70015917,14-70-52316707024,SEE939899660715
SN70015917,14-70-52316707024,SEE923793340132
SN70015917,14-70-52316707024,SEE963438570067
SN70015917,14-70-52316707024,SEE924562445072
SN70015917,14-70-52316707024,SEE985036646654
SN70015959,14-70-52316700250,SEE923918497345
SN70015959,14-70-52316700250,SEE987679030500
SN70015959,14-70-52316700250,SEE932664806912
SN70015959,14-70-52316700250,SEE914224312040
SN70015959,14-70-52316700250,SEE992079247007
SN70015959,14-70-52316700250,SEE995527175044
SN70015959,14-70-52316700250,SEE956441736957
SN70015959,14-70-52316700250,SEE970377695522
SN70015959,14-70-52316700250,SEE903406002589
SN80011250,14-80-56050130000,SEE956061511231
SN80011250,14-80-56050130000,SEE922877375398
SN80011256,14-80-55047380000,SEE923244371197
SN80011256,14-80-55047380000,SEE986249505394
SN80011256,14-80-55047380000,SEE955310827123
SN80011256,14-80-55047380000,SEE936196276359
SN80011266,14-80-56176820000,SEE919395394109
SN80011266,14-80-56176820000,SEE984352856976
SN80011277,14-80-00009560000,SEE966331411864
SN80011277,14-80-00009560000,SEE998199911088
ST100032,13770,SEE959858570855
ST100032,13770,SEE930522848685
ST100032,13770,SEE912160334607
ST100032,13770,SEE947225300921
ST100032,13770,SEE998623498277
ST100032,13770,SEE992864019192
ST100125,12358,SEE960652233358
ST100125,12358,SEE947677200282
ST100125,12358,SEE919134316447
ST100344,15397,SEE935952275827
ST100344,15397,SEE976376888927
ST100344,15397,SEE943682372433
ST100419,12305,SEE900403199748
ST100419,12305,SEE946568262484
ST100419,12305,SEE901050642113
ST100419,12305,SEE914438115895
ST100419,12305,SEE965768299069
ST100498,16873,BNA1128
ST100498,16873,BNA1127
ST100498,16873,SEE970305352633
ST100609,12110,SEE976907281142
ST100674,11975,SEE924469023472
ST100674,11975,SEE985453029962
ST100674,11975,SEE952937205877
ST100850,12342,SEE934669010578
ST100850,12342,SEE902114639810
ST100864,18037,SEE927630371594
ST100876,18040,SEE998111672394
ST101071,16591,SEE988178455061
ST101071,16591,SEE966530598731
ST101071,16591,SEE921877855527
ST101086,14326,SEE986097297199
ST101086,14326,BNA0922a
ST102622,16874,SEE921449009914
ST18046,18042,SEE950355589975
ST18046,18042,SEE979396678813
ST18046,18042,SEE994968008959
ST18046,18042,SEE939524649245
ST18046,18042,SEE936181210535
ST18046,18042,SEE915098640406
ST18046,18042,SEE972969049737
ST18046,18042,SEE955837429145
TH30013152,16-30-30400102003,SEE908964165929
TH30013152,16-30-30400102003,SEE959229794460
TH30013152,16-30-30400102003,SEE915645322953
TH30013152,16-30-30400102003,SEE924373150776
TH30013152,16-30-30400102003,SEE997242656822
TH62013494,16-62-09401231000,SEE926471060193
TH62013494,16-62-09401231000,SEE970114818481
TH62013494,16-62-09401231000,SEE992769312817
TH72012874,16-72-73595430000,SEE988601422752
TH72012874,16-72-73595430000,SEE936473203580
TH72012874,16-72-73595430000,SEE912583238223
TH72012874,16-72-73595430000,SEE969004747543
TH72012874,16-72-73595430000,SEE951160693116
TH86012942,16-86-00300070000,SEE925388069183
TH86012942,16-86-00300070000,SEE962906846994
HB06-04-11/2000122/0/0,06-04-11/2001178/8/2,SEE989202977269
SD669-01,669-01,SEE950675787617
SD669-01,669-01,SEE983645175053
SD666-18,666-18,SEE985577062814
SD666-17,666-17,SEE944567587799
SD666-16,666-16,SEE943690268513
SD666-15,666-15,BNA0355
SD666-14,666-14,SEE951462745445
SD666-13,666-13,SEE930752846949
SD666-12,666-12,BNA0802
SD666-11,666-11,SEE927528071629
SD666-11,666-11,BNA0381
SD664-07,664-07,SEE906830618081
SD664-02,664-02,SEE999977738880
SD662-28,662-28,SEE907222955227
SD662-28,662-28,SEE926900618322
SD662-28,662-28,SEE929776487108
SD662-22,662-22,SEE918548652318
SD662-22,662-22,SEE982248430859
SD662-22,662-22,SEE967464788519
SD662-22,662-22,SEE959614237596
SD662-22,662-22,SEE978426302629
SD662-22,662-22,SEE976995281321
SD662-22,662-22,SEE970444408703
SD662-22,662-22,SEE918541277334
SD662-20,662-20,BNA1338
SD662-18,662-18,SEE922964729325
SD662-18,662-18,SEE987736068934
SD662-18,662-18,SEE917962193414
SD662-17,662-17,SEE953718174887
SD662-17,662-17,SEE994661495704
SD662-17,662-17,SEE937914003899
SD662-14,662-14,SEE981924913907
SD662-14,662-14,SEE905937514456
SD662-14,662-14,SEE925076352665
SD662-14,662-14,SEE960317505882
SD662-12,662-12,SEE987807988154
SD662-11,662-11,SEE911567250299
SD662-10,662-10,SEE912935247576
SD662-10,662-10,SEE974711013546
SD662-10,662-10,SEE982556430190
SD662-09,662-09,SEE905270326723
SD662-09,662-09,SEE941844408532
SD662-09,662-09,SEE966844914388
SD662-06,662-06,SEE957900196671
SD662-03,662-03,SEE933361522259
SD662-03,662-03,SEE904088512342
SD662-03,662-03,SEE994391041424
SD662-01,662-01,BNA0162
SD662-01,662-01,BNA0164
SD662-01,662-01,BNA0161
SD662-01,662-01,BNA0163
SD661-99,661-99,SEE941053107073
SD661-98,661-98,SEE970143794190
SD661-98,661-98,SEE960430412456
SD661-98,661-98,SEE921008505376
SD661-98,661-98,SEE912978354040
SD661-98,661-98,SEE955085348786
SD661-98,661-98,SEE916894674336
SD661-98,661-98,SEE905054165586
SD661-98,661-98,SEE910080930862
SD661-98,661-98,SEE971876915975
SD661-97,661-97,SEE970806189455
SD661-96,661-96,SEE958711841521
SD661-96,661-96,SEE934554511586
SD661-96,661-96,SEE936873341158
SD661-96,661-96,SEE952340290002
SD661-95,661-95,SEE944995057840
SD661-95,661-95,SEE906722372718
SD661-94,661-94,SEE967194778880
SD661-94,661-94,SEE901410470721
SD661-94,661-94,SEE950477241393
SD661-94,661-94,SEE968254365774
SD661-93,661-93,SEE907667929555
SD661-92,661-92,BNA0913
SD661-91,661-91,SEE943297204990
SD661-90,661-90,SEE991036415459
SD661-90,661-90,SEE940081190514
SD661-90,661-90,SEE997248724068
SD661-89,661-89,SEE977956291342
SD661-88,661-88,SEE983807255883
SD661-87,661-87,SEE997988564504
SD661-86,661-86,SEE940224582367
SD661-86,661-86,SEE907508778663
SD661-85,661-85,SEE976944273018
SD661-85,661-85,SEE914749097217
SD661-85,661-85,SEE969792129750
SD661-85,661-85,SEE900240101683
SD661-84,661-84,BNA0811
SD661-84,661-84,BNA0810
SD661-83,661-83,SEE991633857065
SD661-83,661-83,SEE924909675933
SD661-83,661-83,SEE953872640426
SD661-82,661-82,SEE982892019516
SD661-82,661-82,SEE922981583535
SD661-81,661-81,SEE946665101624
SD661-80,661-80,SEE900953976684
SD661-80,661-80,SEE976263348152
SD661-80,661-80,SEE918912535520
SD661-80,661-80,SEE951078548935
SD661-80,661-80,SEE996518986489
SD661-79,661-79,SEE954348740183
SD661-79,661-79,SEE935012767491
SD661-79,661-79,SEE950630767128
SD661-78,661-78,SEE942845579245
SD661-77,661-77,SEE972475289894
SD661-77,661-77,SEE949123804273
SD661-77,661-77,SEE972466462527
SD661-75,661-75,SEE930322571356
SD661-75,661-75,SEE979899728817
SD661-75,661-75,SEE970980016073
SD661-67,661-67,SEE942008424429
SD661-67,661-67,SEE992491089179
SD661-67,661-67,SEE949722134498
SD661-67,661-67,SEE902418917676
SD661-67,661-67,SEE945580171361
SD661-67,661-67,SEE964215288830
SD661-67,661-67,SEE956631893736
SD661-67,661-67,SEE907828499484
SD661-67,661-67,SEE917448747254
SD661-67,661-67,SEE952807166543
SD661-66,661-66,SEE910951087138
SD661-66,661-66,SEE957488519732
SD661-65,661-65,SEE922153723905
SD661-64,661-64,SEE997526539162
SD661-64,661-64,SEE959343099212
SD661-63,661-63,BNA0118
SD661-59,661-59,SEE902796244388
SD661-54,661-54,SEE917096062495
SD661-53,661-53,SEE926292106278
SD661-53,661-53,SEE992623649677
SD661-53,661-53,SEE932657881513
SD661-53,661-53,SEE991807535867
SD661-44,661-44,SEE958702894895
SD661-43,661-43,SEE961057667205
SD661-42,661-42,SEE957769851605
SD661-39,661-39,SEE987361570932
SD661-38,661-38,SEE908238702164
SD661-38,661-38,SEE971801168636
SD661-37,661-37,SEE982512881400
SD661-36,661-36,BNA1225
SD661-36,661-36,BNA1226
SD661-29,661-29,SEE918373264410
SD661-28,661-28,SEE939138708956
SD661-19,661-19,SEE940039139749
SD661-18,661-18,SEE929198153032
SD661-18,661-18,SEE913556136355
SD661-17,661-17,SEE953991032447
SD661-16,661-16,SEE960507530304
SD661-16,661-16,SEE961687984079
SD661-16,661-16,SEE994422897143
SD661-16,661-16,SEE906061539261
SD661-16,661-16,SEE963192915654
SD661-15,661-15,SEE961328936443
SD661-15,661-15,SEE997562455938
SD661-15,661-15,SEE921316314745
SD661-15,661-15,SEE900295294101
SD661-14,661-14,SEE903508467828
SD661-14,661-14,SEE921888721163
SD661-14,661-14,SEE932929596862
SD661-14,661-14,SEE939597247393
SD661-14,661-14,SEE951279779923
SD661-13,661-13,BNA1275
SD661-12,661-12,SEE908119179962
SD661-12,661-12,SEE964121468647
SD661-12,661-12,SEE925723270861
SD661-12,661-12,SEE942581404276
SD661-12,661-12,SEE999306148830
SD661-115,661-115,SEE997706570718
SD661-115,661-115,SEE977050146562
SD661-115,661-115,SEE927820549208
SD661-113,661-113,SEE994538470544
SD661-113,661-113,SEE998644964959
SD661-113,661-113,SEE963454497492
SD661-113,661-113,SEE959025997980
SD661-113,661-113,SEE991087959599
SD661-112,661-112,SEE909727831365
SD661-111,661-111,SEE901246020381
SD661-110,661-110,SEE943101874623
SD661-110,661-110,SEE963023008050
SD661-110,661-110,SEE969748285110
SD661-11,661-11,BNA1276
SD661-109,661-109,BNA0255
SD661-108,661-108,SEE900758207372
SD661-107,661-107,SEE957602727647
SD661-107,661-107,SEE984068604342
SD661-107,661-107,SEE948545926433
SD661-107,661-107,SEE929808661773
SD661-107,661-107,SEE956808243722
SD661-106,661-106,SEE904748267797
SD661-106,661-106,SEE971156902916
SD661-106,661-106,SEE949816813650
SD661-106,661-106,SEE968905685947
SD661-105,661-105,SEE920193460095
SD661-105,661-105,SEE939329445868
SD661-105,661-105,SEE999181532861
SD661-105,661-105,SEE989392899242
SD661-103,661-103,SEE918916993708
SD661-102,661-102,SEE972612434835
SD661-101,661-101,SEE964073339897
SD661-100,661-100,SEE918407219966
SD661-100,661-100,SEE970401548961
SD661-09,661-09,BNA0099
SD661-06,661-06,SEE974201537415
SD662-99,662-99,SEE916274994887
SD662-98,662-98,SEE910950875330
SD662-98,662-98,SEE931497805147
SD662-98,662-98,SEE976107471893
SD662-98,662-98,SEE960934136643
SD662-98,662-98,SEE902280549463
SD662-98,662-98,SEE920753145547
SD662-98,662-98,SEE927542617698
SD662-98,662-98,SEE915847711449
SD662-98,662-98,SEE912980761904
SD662-98,662-98,SEE918332839635
SD662-98,662-98,SEE922908994215